Workbook

Sheet README
B2: Stock Market Analysis Dashboard
B6: Sumber data:
B7: Dataset bergaya Kaggle 'Stock Market Dataset' (OHLCV harian, 8 ticker, tahun 2024).
B8: Catatan data:
B9: Data pada sheet Raw_Data adalah DATA SIMULASI (synthetic) yang meniru struktur dan
B10: karakteristik dataset asli Kaggle, dibuat agar workbook ini bisa didemokan end-to-end.
B11: Untuk versi produksi, ganti isi sheet Raw_Data dengan hasil query SQL dari data riil
B12: (lihat folder /sql pada repository project ini).
B14: Alur project:
B15: 1. Data cleaning & staging -> sql/01_schema_and_cleaning.sql
B16: 2. Analisis SQL (window functions, CTE) -> sql/02_analysis_queries.sql
B17: 3. Hasil query diringkas & divisualisasikan di workbook Excel ini
... B30: 4. Kapan terjadi lonjakan volume yang mengindikasikan berita besar?

Sheet Dashboard
B1: Stock Market Analysis - Dashboard Ringkasan
B3: Periode: Januari - Desember 2024 | 8 ticker, 6 sektor
B5: Ticker Paling Volatile | E5: Ticker Paling Stabil | H5: Max Drawdown Terdalam | K5: Return Tertinggi (Total 2024)
B6: =INDEX(Ticker_Summary!A:A,MATCH(1,Ticker_Summary!I:I,0)) -> TSLA | E6: =INDEX(Ticker_Summary!A:A,MATCH(8,Ticker_Summary!I:I,0)) -> KO | H6: =INDEX(Ticker_Summary!A:A,MATCH(MIN(Ticker_Summary!E:E),Ticker_Summary!E:E,0)) -> TSLA | K6: =INDEX(Ticker_Summary!A:A,MATCH(MAX(Ticker_Summary!H:H),Ticker_Summary!H:H,0)) -> AAPL
B8: =INDEX(Ticker_Summary!D:D,MATCH(1,Ticker_Summary!I:I,0)) -> 3.5427906 | E8: =INDEX(Ticker_Summary!D:D,MATCH(8,Ticker_Summary!I:I,0)) -> 1.2892033 | H8: =MIN(Ticker_Summary!E:E) -> -59.185294 | K8: =MAX(Ticker_Summary!H:H) -> 77.703215

Sheet Raw_Data
A1: Ticker | B1: Sector | C1: Date | D1: Open | E1: High | F1: Low | G1: Close | H1: Adj_Close | I1: Volume | J1: Daily_Return_% | K1: MA_20 | L1: MA_50 | M1: Running_Peak | N1: Drawdown_% | O1: Month
A2: AAPL | B2: Technology | C2: 2024-01-01 | D2: 170 | E2: 171.46 | F2: 169.24 | G2: 171.37 | H2: 171.37 | I2: 8765365 | M2: =MAX(G2:G2) -> 171.37 | N2: =(G2-M2)/M2*100 -> 0 | O2: =TEXT(C2,"yyyy-mm") -> 2024-01
A3: AAPL | B3: Technology | C3: 2024-01-02 | D3: 171.37 | E3: 172.88 | F3: 171.05 | G3: 172.19 | H3: 172.19 | I3: 9302144 | J3: =IFERROR((G3-G2)/G2*100,"") -> 0.47849682 | M3: =MAX(G2:G3) -> 172.19 | N3: =(G3-M3)/M3*100 -> 0 | O3: =TEXT(C3,"yyyy-mm") -> 2024-01
A4: AAPL | B4: Technology | C4: 2024-01-03 | D4: 172.19 | E4: 172.51 | F4: 169.31 | G4: 171.1 | H4: 171.1 | I4: 10280887 | J4: =IFERROR((G4-G3)/G3*100,"") -> -0.63302166 | M4: =MAX(G2:G4) -> 172.19 | N4: =(G4-M4)/M4*100 -> -0.63302166 | O4: =TEXT(C4,"yyyy-mm") -> 2024-01
A5: AAPL | B5: Technology | C5: 2024-01-04 | D5: 171.1 | E5: 174.35 | F5: 170.47 | G5: 173.29 | H5: 173.29 | I5: 4610471 | J5: =IFERROR((G5-G4)/G4*100,"") -> 1.2799532 | M5: =MAX(G2:G5) -> 173.29 | N5: =(G5-M5)/M5*100 -> 0 | O5: =TEXT(C5,"yyyy-mm") -> 2024-01
A6: AAPL | B6: Technology | C6: 2024-01-05 | D6: 173.29 | E6: 177.37 | F6: 171.52 | G6: 177.21 | H6: 177.21 | I6: 8946159 | J6: =IFERROR((G6-G5)/G5*100,"") -> 2.262104 | M6: =MAX(G2:G6) -> 177.21 | N6: =(G6-M6)/M6*100 -> 0 | O6: =TEXT(C6,"yyyy-mm") -> 2024-01
A7: AAPL | B7: Technology | C7: 2024-01-08 | D7: 177.21 | E7: 178 | F7: 176.78 | G7: 177.64 | H7: 177.64 | I7: 7299935 | J7: =IFERROR((G7-G6)/G6*100,"") -> 0.24264996 | M7: =MAX(G2:G7) -> 177.64 | N7: =(G7-M7)/M7*100 -> 0 | O7: =TEXT(C7,"yyyy-mm") -> 2024-01
A8: AAPL | B8: Technology | C8: 2024-01-09 | D8: 177.64 | E8: 178.95 | F8: 175.77 | G8: 176.14 | H8: 176.14 | I8: 7986733 | J8: =IFERROR((G8-G7)/G7*100,"") -> -0.84440441 | M8: =MAX(G2:G8) -> 177.64 | N8: =(G8-M8)/M8*100 -> -0.84440441 | O8: =TEXT(C8,"yyyy-mm") -> 2024-01
A9: AAPL | B9: Technology | C9: 2024-01-10 | D9: 176.14 | E9: 176.42 | F9: 175.49 | G9: 175.64 | H9: 175.64 | I9: 3296791 | J9: =IFERROR((G9-G8)/G8*100,"") -> -0.28386511 | M9: =MAX(G2:G9) -> 177.64 | N9: =(G9-M9)/M9*100 -> -1.1258726 | O9: =TEXT(C9,"yyyy-mm") -> 2024-01
A10: AAPL | B10: Technology | C10: 2024-01-11 | D10: 175.64 | E10: 175.78 | F10: 172.1 | G10: 172.25 | H10: 172.25 | I10: 10116226 | J10: =IFERROR((G10-G9)/G9*100,"") -> -1.9300843 | M10: =MAX(G2:G10) -> 177.64 | N10: =(G10-M10)/M10*100 -> -3.0342265 | O10: =TEXT(C10,"yyyy-mm") -> 2024-01
A11: AAPL | B11: Technology | C11: 2024-01-12 | D11: 172.25 | E11: 173.34 | F11: 169.43 | G11: 169.74 | H11: 169.74 | I11: 10537093 | J11: =IFERROR((G11-G10)/G10*100,"") -> -1.4571843 | M11: =MAX(G2:G11) -> 177.64 | N11: =(G11-M11)/M11*100 -> -4.4471966 | O11: =TEXT(C11,"yyyy-mm") -> 2024-01
A12: AAPL | B12: Technology | C12: 2024-01-15 | D12: 169.74 | E12: 171.92 | F12: 169.35 | G12: 170.72 | H12: 170.72 | I12: 10130596 | J12: =IFERROR((G12-G11)/G11*100,"") -> 0.5773536 | M12: =MAX(G2:G12) -> 177.64 | N12: =(G12-M12)/M12*100 -> -3.895519 | O12: =TEXT(C12,"yyyy-mm") -> 2024-01
A13: AAPL | B13: Technology | C13: 2024-01-16 | D13: 170.72 | E13: 173.64 | F13: 170.15 | G13: 173.11 | H13: 173.11 | I13: 7257890 | J13: =IFERROR((G13-G12)/G12*100,"") -> 1.3999531 | M13: =MAX(G2:G13) -> 177.64 | N13: =(G13-M13)/M13*100 -> -2.5501013 | O13: =TEXT(C13,"yyyy-mm") -> 2024-01
A14: AAPL | B14: Technology | C14: 2024-01-17 | D14: 173.11 | E14: 174.76 | F14: 172.99 | G14: 174.08 | H14: 174.08 | I14: 7015080 | J14: =IFERROR((G14-G13)/G13*100,"") -> 0.56033736 | M14: =MAX(G2:G14) -> 177.64 | N14: =(G14-M14)/M14*100 -> -2.0040531 | O14: =TEXT(C14,"yyyy-mm") -> 2024-01
A15: AAPL | B15: Technology | C15: 2024-01-18 | D15: 174.08 | E15: 177.9 | F15: 174.03 | G15: 177.26 | H15: 177.26 | I15: 10408478 | J15: =IFERROR((G15-G14)/G14*100,"") -> 1.8267463 | M15: =MAX(G2:G15) -> 177.64 | N15: =(G15-M15)/M15*100 -> -0.21391578 | O15: =TEXT(C15,"yyyy-mm") -> 2024-01
A16: AAPL | B16: Technology | C16: 2024-01-19 | D16: 177.26 | E16: 178.79 | F16: 176.2 | G16: 178.33 | H16: 178.33 | I16: 8811635 | J16: =IFERROR((G16-G15)/G15*100,"") -> 0.60363308 | M16: =MAX(G2:G16) -> 178.33 | N16: =(G16-M16)/M16*100 -> 0 | O16: =TEXT(C16,"yyyy-mm") -> 2024-01
A17: AAPL | B17: Technology | C17: 2024-01-22 | D17: 178.33 | E17: 188.15 | F17: 178.27 | G17: 187.46 | H17: 187.46 | I17: 19143284 | J17: =IFERROR((G17-G16)/G16*100,"") -> 5.1197219 | M17: =MAX(G2:G17) -> 187.46 | N17: =(G17-M17)/M17*100 -> 0 | O17: =TEXT(C17,"yyyy-mm") -> 2024-01
A18: AAPL | B18: Technology | C18: 2024-01-23 | D18: 187.46 | E18: 190.12 | F18: 186.35 | G18: 190.11 | H18: 190.11 | I18: 6756151 | J18: =IFERROR((G18-G17)/G17*100,"") -> 1.4136349 | M18: =MAX(G2:G18) -> 190.11 | N18: =(G18-M18)/M18*100 -> 0 | O18: =TEXT(C18,"yyyy-mm") -> 2024-01
A19: AAPL | B19: Technology | C19: 2024-01-24 | D19: 190.11 | E19: 190.49 | F19: 187.54 | G19: 187.92 | H19: 187.92 | I19: 10779647 | J19: =IFERROR((G19-G18)/G18*100,"") -> -1.1519647 | M19: =MAX(G2:G19) -> 190.11 | N19: =(G19-M19)/M19*100 -> -1.1519647 | O19: =TEXT(C19,"yyyy-mm") -> 2024-01
A20: AAPL | B20: Technology | C20: 2024-01-25 | D20: 187.92 | E20: 188.99 | F20: 187.85 | G20: 188.76 | H20: 188.76 | I20: 10324747 | J20: =IFERROR((G20-G19)/G19*100,"") -> 0.44699872 | M20: =MAX(G2:G20) -> 190.11 | N20: =(G20-M20)/M20*100 -> -0.7101152 | O20: =TEXT(C20,"yyyy-mm") -> 2024-01
A21: AAPL | B21: Technology | C21: 2024-01-26 | D21: 188.76 | E21: 189 | F21: 185.93 | G21: 186.88 | H21: 186.88 | I21: 7299313 | J21: =IFERROR((G21-G20)/G20*100,"") -> -0.99597372 | K21: =AVERAGE(G2:G21) -> 177.56 | M21: =MAX(G2:G21) -> 190.11 | N21: =(G21-M21)/M21*100 -> -1.6990164 | O21: =TEXT(C21,"yyyy-mm") -> 2024-01
A22: AAPL | B22: Technology | C22: 2024-01-29 | D22: 186.88 | E22: 187.14 | F22: 179.3 | G22: 179.55 | H22: 179.55 | I22: 6074534 | J22: =IFERROR((G22-G21)/G21*100,"") -> -3.9223031 | K22: =AVERAGE(G3:G22) -> 177.969 | M22: =MAX(G2:G22) -> 190.11 | N22: =(G22-M22)/M22*100 -> -5.5546789 | O22: =TEXT(C22,"yyyy-mm") -> 2024-01
A23: AAPL | B23: Technology | C23: 2024-01-30 | D23: 179.55 | E23: 179.84 | F23: 178.55 | G23: 179.22 | H23: 179.22 | I23: 11369500 | J23: =IFERROR((G23-G22)/G22*100,"") -> -0.18379282 | K23: =AVERAGE(G4:G23) -> 178.3205 | M23: =MAX(G2:G23) -> 190.11 | N23: =(G23-M23)/M23*100 -> -5.7282626 | O23: =TEXT(C23,"yyyy-mm") -> 2024-01
A24: AAPL | B24: Technology | C24: 2024-01-31 | D24: 179.22 | E24: 180.48 | F24: 179.18 | G24: 179.28 | H24: 179.28 | I24: 13911781 | J24: =IFERROR((G24-G23)/G23*100,"") -> 0.033478406 | K24: =AVERAGE(G5:G24) -> 178.7295 | M24: =MAX(G2:G24) -> 190.11 | N24: =(G24-M24)/M24*100 -> -5.6967019 | O24: =TEXT(C24,"yyyy-mm") -> 2024-01
A25: AAPL | B25: Technology | C25: 2024-02-01 | D25: 179.28 | E25: 179.5 | F25: 178.63 | G25: 178.87 | H25: 178.87 | I25: 7982287 | J25: =IFERROR((G25-G24)/G24*100,"") -> -0.22869255 | K25: =AVERAGE(G6:G25) -> 179.0085 | M25: =MAX(G2:G25) -> 190.11 | N25: =(G25-M25)/M25*100 -> -5.9123665 | O25: =TEXT(C25,"yyyy-mm") -> 2024-02
A26: AAPL | B26: Technology | C26: 2024-02-02 | D26: 178.87 | E26: 181.87 | F26: 178.31 | G26: 181.04 | H26: 181.04 | I26: 5817470 | J26: =IFERROR((G26-G25)/G25*100,"") -> 1.2131716 | K26: =AVERAGE(G7:G26) -> 179.2 | M26: =MAX(G2:G26) -> 190.11 | N26: =(G26-M26)/M26*100 -> -4.7709221 | O26: =TEXT(C26,"yyyy-mm") -> 2024-02
A27: AAPL | B27: Technology | C27: 2024-02-05 | D27: 181.04 | E27: 185.99 | F27: 180.4 | G27: 184.96 | H27: 184.96 | I27: 8184547 | J27: =IFERROR((G27-G26)/G26*100,"") -> 2.1652673 | K27: =AVERAGE(G8:G27) -> 179.566 | M27: =MAX(G2:G27) -> 190.11 | N27: =(G27-M27)/M27*100 -> -2.708958 | O27: =TEXT(C27,"yyyy-mm") -> 2024-02
A28: AAPL | B28: Technology | C28: 2024-02-06 | D28: 184.96 | E28: 185.64 | F28: 183.62 | G28: 183.7 | H28: 183.7 | I28: 6791658 | J28: =IFERROR((G28-G27)/G27*100,"") -> -0.68122837 | K28: =AVERAGE(G9:G28) -> 179.944 | M28: =MAX(G2:G28) -> 190.11 | N28: =(G28-M28)/M28*100 -> -3.3717322 | O28: =TEXT(C28,"yyyy-mm") -> 2024-02
A29: AAPL | B29: Technology | C29: 2024-02-07 | D29: 183.7 | E29: 183.75 | F29: 179.15 | G29: 179.54 | H29: 179.54 | I29: 5804741 | J29: =IFERROR((G29-G28)/G28*100,"") -> -2.2645618 | K29: =AVERAGE(G10:G29) -> 180.139 | M29: =MAX(G2:G29) -> 190.11 | N29: =(G29-M29)/M29*100 -> -5.559939 | O29: =TEXT(C29,"yyyy-mm") -> 2024-02
A30: AAPL | B30: Technology | C30: 2024-02-08 | D30: 179.54 | E30: 181.43 | F30: 178.97 | G30: 181.31 | H30: 181.31 | I30: 7227052 | J30: =IFERROR((G30-G29)/G29*100,"") -> 0.98585273 | K30: =AVERAGE(G11:G30) -> 180.592 | M30: =MAX(G2:G30) -> 190.11 | N30: =(G30-M30)/M30*100 -> -4.6288991 | O30: =TEXT(C30,"yyyy-mm") -> 2024-02
A31: AAPL | B31: Technology | C31: 2024-02-09 | D31: 181.31 | E31: 184.54 | F31: 180.33 | G31: 183.64 | H31: 183.64 | I31: 14093990 | J31: =IFERROR((G31-G30)/G30*100,"") -> 1.2850918 | K31: =AVERAGE(G12:G31) -> 181.287 | M31: =MAX(G2:G31) -> 190.11 | N31: =(G31-M31)/M31*100 -> -3.4032928 | O31: =TEXT(C31,"yyyy-mm") -> 2024-02
A32: AAPL | B32: Technology | C32: 2024-02-12 | D32: 183.64 | E32: 183.79 | F32: 182.66 | G32: 182.85 | H32: 182.85 | I32: 9876374 | J32: =IFERROR((G32-G31)/G31*100,"") -> -0.4301895 | K32: =AVERAGE(G13:G32) -> 181.8935 | M32: =MAX(G2:G32) -> 190.11 | N32: =(G32-M32)/M32*100 -> -3.8188417 | O32: =TEXT(C32,"yyyy-mm") -> 2024-02
A33: AAPL | B33: Technology | C33: 2024-02-13 | D33: 182.85 | E33: 183.82 | F33: 179.13 | G33: 179.57 | H33: 179.57 | I33: 10920969 | J33: =IFERROR((G33-G32)/G32*100,"") -> -1.7938201 | K33: =AVERAGE(G14:G33) -> 182.2165 | M33: =MAX(G2:G33) -> 190.11 | N33: =(G33-M33)/M33*100 -> -5.5441586 | O33: =TEXT(C33,"yyyy-mm") -> 2024-02
A34: AAPL | B34: Technology | C34: 2024-02-14 | D34: 179.57 | E34: 196.68 | F34: 179.47 | G34: 196.02 | H34: 196.02 | I34: 9724809 | J34: =IFERROR((G34-G33)/G33*100,"") -> 9.160773 | K34: =AVERAGE(G15:G34) -> 183.3135 | M34: =MAX(G2:G34) -> 196.02 | N34: =(G34-M34)/M34*100 -> 0 | O34: =TEXT(C34,"yyyy-mm") -> 2024-02
A35: AAPL | B35: Technology | C35: 2024-02-15 | D35: 196.02 | E35: 196.42 | F35: 194.96 | G35: 196.12 | H35: 196.12 | I35: 6237085 | J35: =IFERROR((G35-G34)/G34*100,"") -> 0.051015203 | K35: =AVERAGE(G16:G35) -> 184.2565 | M35: =MAX(G2:G35) -> 196.12 | N35: =(G35-M35)/M35*100 -> 0 | O35: =TEXT(C35,"yyyy-mm") -> 2024-02
A36: AAPL | B36: Technology | C36: 2024-02-16 | D36: 196.12 | E36: 196.99 | F36: 191.66 | G36: 193.41 | H36: 193.41 | I36: 8352739 | J36: =IFERROR((G36-G35)/G35*100,"") -> -1.3818071 | K36: =AVERAGE(G17:G36) -> 185.0105 | M36: =MAX(G2:G36) -> 196.12 | N36: =(G36-M36)/M36*100 -> -1.3818071 | O36: =TEXT(C36,"yyyy-mm") -> 2024-02
A37: AAPL | B37: Technology | C37: 2024-02-19 | D37: 193.41 | E37: 196.27 | F37: 192.71 | G37: 195.1 | H37: 195.1 | I37: 7928659 | J37: =IFERROR((G37-G36)/G36*100,"") -> 0.87379143 | K37: =AVERAGE(G18:G37) -> 185.3925 | M37: =MAX(G2:G37) -> 196.12 | N37: =(G37-M37)/M37*100 -> -0.52008974 | O37: =TEXT(C37,"yyyy-mm") -> 2024-02
A38: AAPL | B38: Technology | C38: 2024-02-20 | D38: 195.1 | E38: 195.76 | F38: 188.9 | G38: 189.55 | H38: 189.55 | I38: 8946415 | J38: =IFERROR((G38-G37)/G37*100,"") -> -2.844695 | K38: =AVERAGE(G19:G38) -> 185.3645 | M38: =MAX(G2:G38) -> 196.12 | N38: =(G38-M38)/M38*100 -> -3.3499898 | O38: =TEXT(C38,"yyyy-mm") -> 2024-02
A39: AAPL | B39: Technology | C39: 2024-02-21 | D39: 189.55 | E39: 190.84 | F39: 189.54 | G39: 189.65 | H39: 189.65 | I39: 8457436 | J39: =IFERROR((G39-G38)/G38*100,"") -> 0.052756529 | K39: =AVERAGE(G20:G39) -> 185.451 | M39: =MAX(G2:G39) -> 196.12 | N39: =(G39-M39)/M39*100 -> -3.2990006 | O39: =TEXT(C39,"yyyy-mm") -> 2024-02
A40: AAPL | B40: Technology | C40: 2024-02-22 | D40: 189.65 | E40: 191.75 | F40: 189.55 | G40: 191.49 | H40: 191.49 | I40: 8819817 | J40: =IFERROR((G40-G39)/G39*100,"") -> 0.97020828 | K40: =AVERAGE(G21:G40) -> 185.5875 | M40: =MAX(G2:G40) -> 196.12 | N40: =(G40-M40)/M40*100 -> -2.3607995 | O40: =TEXT(C40,"yyyy-mm") -> 2024-02
A41: AAPL | B41: Technology | C41: 2024-02-23 | D41: 191.49 | E41: 198.91 | F41: 191.32 | G41: 197.69 | H41: 197.69 | I41: 6859382 | J41: =IFERROR((G41-G40)/G40*100,"") -> 3.237767 | K41: =AVERAGE(G22:G41) -> 186.128 | M41: =MAX(G2:G41) -> 197.69 | N41: =(G41-M41)/M41*100 -> 0 | O41: =TEXT(C41,"yyyy-mm") -> 2024-02
A42: AAPL | B42: Technology | C42: 2024-02-26 | D42: 197.69 | E42: 198.33 | F42: 194.95 | G42: 196 | H42: 196 | I42: 4107932 | J42: =IFERROR((G42-G41)/G41*100,"") -> -0.85487379 | K42: =AVERAGE(G23:G42) -> 186.9505 | M42: =MAX(G2:G42) -> 197.69 | N42: =(G42-M42)/M42*100 -> -0.85487379 | O42: =TEXT(C42,"yyyy-mm") -> 2024-02
A43: AAPL | B43: Technology | C43: 2024-02-27 | D43: 196 | E43: 197.09 | F43: 191.95 | G43: 192.74 | H43: 192.74 | I43: 5160704 | J43: =IFERROR((G43-G42)/G42*100,"") -> -1.6632653 | K43: =AVERAGE(G24:G43) -> 187.6265 | M43: =MAX(G2:G43) -> 197.69 | N43: =(G43-M43)/M43*100 -> -2.5039203 | O43: =TEXT(C43,"yyyy-mm") -> 2024-02
A44: AAPL | B44: Technology | C44: 2024-02-28 | D44: 192.74 | E44: 195.54 | F44: 191.55 | G44: 194.16 | H44: 194.16 | I44: 6774816 | J44: =IFERROR((G44-G43)/G43*100,"") -> 0.7367438 | K44: =AVERAGE(G25:G44) -> 188.3705 | M44: =MAX(G2:G44) -> 197.69 | N44: =(G44-M44)/M44*100 -> -1.785624 | O44: =TEXT(C44,"yyyy-mm") -> 2024-02
A45: AAPL | B45: Technology | C45: 2024-02-29 | D45: 194.16 | E45: 208.21 | F45: 193.13 | G45: 208.05 | H45: 208.05 | I45: 37250795 | J45: =IFERROR((G45-G44)/G44*100,"") -> 7.1538937 | K45: =AVERAGE(G26:G45) -> 189.8295 | M45: =MAX(G2:G45) -> 208.05 | N45: =(G45-M45)/M45*100 -> 0 | O45: =TEXT(C45,"yyyy-mm") -> 2024-02
A46: AAPL | B46: Technology | C46: 2024-03-01 | D46: 208.05 | E46: 208.68 | F46: 207.05 | G46: 207.19 | H46: 207.19 | I46: 5945770 | J46: =IFERROR((G46-G45)/G45*100,"") -> -0.41336217 | K46: =AVERAGE(G27:G46) -> 191.137 | M46: =MAX(G2:G46) -> 208.05 | N46: =(G46-M46)/M46*100 -> -0.41336217 | O46: =TEXT(C46,"yyyy-mm") -> 2024-03
A47: AAPL | B47: Technology | C47: 2024-03-04 | D47: 207.19 | E47: 207.63 | F47: 206.62 | G47: 207.19 | H47: 207.19 | I47: 4129481 | J47: =IFERROR((G47-G46)/G46*100,"") -> 0 | K47: =AVERAGE(G28:G47) -> 192.2485 | M47: =MAX(G2:G47) -> 208.05 | N47: =(G47-M47)/M47*100 -> -0.41336217 | O47: =TEXT(C47,"yyyy-mm") -> 2024-03
A48: AAPL | B48: Technology | C48: 2024-03-05 | D48: 207.19 | E48: 208.09 | F48: 204.56 | G48: 205.85 | H48: 205.85 | I48: 8308522 | J48: =IFERROR((G48-G47)/G47*100,"") -> -0.64674936 | K48: =AVERAGE(G29:G48) -> 193.356 | M48: =MAX(G2:G48) -> 208.05 | N48: =(G48-M48)/M48*100 -> -1.0574381 | O48: =TEXT(C48,"yyyy-mm") -> 2024-03
A49: AAPL | B49: Technology | C49: 2024-03-06 | D49: 205.85 | E49: 208.72 | F49: 205.81 | G49: 207.67 | H49: 207.67 | I49: 6436159 | J49: =IFERROR((G49-G48)/G48*100,"") -> 0.88413894 | K49: =AVERAGE(G30:G49) -> 194.7625 | M49: =MAX(G2:G49) -> 208.05 | N49: =(G49-M49)/M49*100 -> -0.1826484 | O49: =TEXT(C49,"yyyy-mm") -> 2024-03
A50: AAPL | B50: Technology | C50: 2024-03-07 | D50: 207.67 | E50: 215.02 | F50: 207.66 | G50: 214.47 | H50: 214.47 | I50: 9060977 | J50: =IFERROR((G50-G49)/G49*100,"") -> 3.2744258 | K50: =AVERAGE(G31:G50) -> 196.4205 | M50: =MAX(G2:G50) -> 214.47 | N50: =(G50-M50)/M50*100 -> 0 | O50: =TEXT(C50,"yyyy-mm") -> 2024-03
A51: AAPL | B51: Technology | C51: 2024-03-08 | D51: 214.47 | E51: 218.52 | F51: 213.79 | G51: 217.97 | H51: 217.97 | I51: 7724632 | J51: =IFERROR((G51-G50)/G50*100,"") -> 1.6319299 | K51: =AVERAGE(G32:G51) -> 198.137 | L51: =AVERAGE(G2:G51) -> 186.501 | M51: =MAX(G2:G51) -> 217.97 | N51: =(G51-M51)/M51*100 -> 0 | O51: =TEXT(C51,"yyyy-mm") -> 2024-03
A52: AAPL | B52: Technology | C52: 2024-03-11 | D52: 217.97 | E52: 220.52 | F52: 217.68 | G52: 219.75 | H52: 219.75 | I52: 7237167 | J52: =IFERROR((G52-G51)/G51*100,"") -> 0.81662614 | K52: =AVERAGE(G33:G52) -> 199.982 | L52: =AVERAGE(G3:G52) -> 187.4686 | M52: =MAX(G2:G52) -> 219.75 | N52: =(G52-M52)/M52*100 -> 0 | O52: =TEXT(C52,"yyyy-mm") -> 2024-03
A53: AAPL | B53: Technology | C53: 2024-03-12 | D53: 219.75 | E53: 222.36 | F53: 218.65 | G53: 220.93 | H53: 220.93 | I53: 10202868 | J53: =IFERROR((G53-G52)/G52*100,"") -> 0.53697383 | K53: =AVERAGE(G34:G53) -> 202.05 | L53: =AVERAGE(G4:G53) -> 188.4434 | M53: =MAX(G2:G53) -> 220.93 | N53: =(G53-M53)/M53*100 -> 0 | O53: =TEXT(C53,"yyyy-mm") -> 2024-03
A54: AAPL | B54: Technology | C54: 2024-03-13 | D54: 220.93 | E54: 229.04 | F54: 220.29 | G54: 228.1 | H54: 228.1 | I54: 4928192 | J54: =IFERROR((G54-G53)/G53*100,"") -> 3.2453718 | K54: =AVERAGE(G35:G54) -> 203.654 | L54: =AVERAGE(G5:G54) -> 189.5834 | M54: =MAX(G2:G54) -> 228.1 | N54: =(G54-M54)/M54*100 -> 0 | O54: =TEXT(C54,"yyyy-mm") -> 2024-03
A55: AAPL | B55: Technology | C55: 2024-03-14 | D55: 228.1 | E55: 229.81 | F55: 224.48 | G55: 227.42 | H55: 227.42 | I55: 5541469 | J55: =IFERROR((G55-G54)/G54*100,"") -> -0.29811486 | K55: =AVERAGE(G36:G55) -> 205.219 | L55: =AVERAGE(G6:G55) -> 190.666 | M55: =MAX(G2:G55) -> 228.1 | N55: =(G55-M55)/M55*100 -> -0.29811486 | O55: =TEXT(C55,"yyyy-mm") -> 2024-03
A56: AAPL | B56: Technology | C56: 2024-03-15 | D56: 227.42 | E56: 228.56 | F56: 225.3 | G56: 226.7 | H56: 226.7 | I56: 11175833 | J56: =IFERROR((G56-G55)/G55*100,"") -> -0.31659485 | K56: =AVERAGE(G37:G56) -> 206.8835 | L56: =AVERAGE(G7:G56) -> 191.6558 | M56: =MAX(G2:G56) -> 228.1 | N56: =(G56-M56)/M56*100 -> -0.61376589 | O56: =TEXT(C56,"yyyy-mm") -> 2024-03
A57: AAPL | B57: Technology | C57: 2024-03-18 | D57: 226.7 | E57: 227.12 | F57: 225.34 | G57: 226.4 | H57: 226.4 | I57: 8024559 | J57: =IFERROR((G57-G56)/G56*100,"") -> -0.13233348 | K57: =AVERAGE(G38:G57) -> 208.4485 | L57: =AVERAGE(G8:G57) -> 192.631 | M57: =MAX(G2:G57) -> 228.1 | N57: =(G57-M57)/M57*100 -> -0.74528715 | O57: =TEXT(C57,"yyyy-mm") -> 2024-03
A58: AAPL | B58: Technology | C58: 2024-03-19 | D58: 226.4 | E58: 226.82 | F58: 223.02 | G58: 223.2 | H58: 223.2 | I58: 8146151 | J58: =IFERROR((G58-G57)/G57*100,"") -> -1.4134276 | K58: =AVERAGE(G39:G58) -> 210.131 | L58: =AVERAGE(G9:G58) -> 193.5722 | M58: =MAX(G2:G58) -> 228.1 | N58: =(G58-M58)/M58*100 -> -2.1481806 | O58: =TEXT(C58,"yyyy-mm") -> 2024-03
A59: AAPL | B59: Technology | C59: 2024-03-20 | D59: 223.2 | E59: 225.62 | F59: 221.78 | G59: 225.5 | H59: 225.5 | I59: 5029242 | J59: =IFERROR((G59-G58)/G58*100,"") -> 1.0304659 | K59: =AVERAGE(G40:G59) -> 211.9235 | L59: =AVERAGE(G10:G59) -> 194.5694 | M59: =MAX(G2:G59) -> 228.1 | N59: =(G59-M59)/M59*100 -> -1.1398509 | O59: =TEXT(C59,"yyyy-mm") -> 2024-03
A60: AAPL | B60: Technology | C60: 2024-03-21 | D60: 225.5 | E60: 234.67 | F60: 225.11 | G60: 232.85 | H60: 232.85 | I60: 7739605 | J60: =IFERROR((G60-G59)/G59*100,"") -> 3.2594235 | K60: =AVERAGE(G41:G60) -> 213.9915 | L60: =AVERAGE(G11:G60) -> 195.7814 | M60: =MAX(G2:G60) -> 232.85 | N60: =(G60-M60)/M60*100 -> 0 | O60: =TEXT(C60,"yyyy-mm") -> 2024-03
A61: AAPL | B61: Technology | C61: 2024-03-22 | D61: 232.85 | E61: 233.04 | F61: 230.75 | G61: 231.29 | H61: 231.29 | I61: 10039045 | J61: =IFERROR((G61-G60)/G60*100,"") -> -0.6699592 | K61: =AVERAGE(G42:G61) -> 215.6715 | L61: =AVERAGE(G12:G61) -> 197.0124 | M61: =MAX(G2:G61) -> 232.85 | N61: =(G61-M61)/M61*100 -> -0.6699592 | O61: =TEXT(C61,"yyyy-mm") -> 2024-03
A62: AAPL | B62: Technology | C62: 2024-03-25 | D62: 231.29 | E62: 233.31 | F62: 230.96 | G62: 232.67 | H62: 232.67 | I62: 9395153 | J62: =IFERROR((G62-G61)/G61*100,"") -> 0.59665355 | K62: =AVERAGE(G43:G62) -> 217.505 | L62: =AVERAGE(G13:G62) -> 198.2514 | M62: =MAX(G2:G62) -> 232.85 | N62: =(G62-M62)/M62*100 -> -0.077302985 | O62: =TEXT(C62,"yyyy-mm") -> 2024-03
A63: AAPL | B63: Technology | C63: 2024-03-26 | D63: 232.67 | E63: 233.49 | F63: 229.92 | G63: 230.61 | H63: 230.61 | I63: 9464888 | J63: =IFERROR((G63-G62)/G62*100,"") -> -0.88537414 | K63: =AVERAGE(G44:G63) -> 219.3985 | L63: =AVERAGE(G14:G63) -> 199.4014 | M63: =MAX(G2:G63) -> 232.85 | N63: =(G63-M63)/M63*100 -> -0.9619927 | O63: =TEXT(C63,"yyyy-mm") -> 2024-03
A64: AAPL | B64: Technology | C64: 2024-03-27 | D64: 230.61 | E64: 230.79 | F64: 229.99 | G64: 230.68 | H64: 230.68 | I64: 10788649 | J64: =IFERROR((G64-G63)/G63*100,"") -> 0.030354278 | K64: =AVERAGE(G45:G64) -> 221.2245 | L64: =AVERAGE(G15:G64) -> 200.5334 | M64: =MAX(G2:G64) -> 232.85 | N64: =(G64-M64)/M64*100 -> -0.93193043 | O64: =TEXT(C64,"yyyy-mm") -> 2024-03
A65: AAPL | B65: Technology | C65: 2024-03-28 | D65: 230.68 | E65: 236.6 | F65: 229.47 | G65: 236.19 | H65: 236.19 | I65: 8050409 | J65: =IFERROR((G65-G64)/G64*100,"") -> 2.3885903 | K65: =AVERAGE(G46:G65) -> 222.6315 | L65: =AVERAGE(G16:G65) -> 201.712 | M65: =MAX(G2:G65) -> 236.19 | N65: =(G65-M65)/M65*100 -> 0 | O65: =TEXT(C65,"yyyy-mm") -> 2024-03
A66: AAPL | B66: Technology | C66: 2024-03-29 | D66: 236.19 | E66: 239.04 | F66: 235.93 | G66: 238.75 | H66: 238.75 | I66: 6528572 | J66: =IFERROR((G66-G65)/G65*100,"") -> 1.0838732 | K66: =AVERAGE(G47:G66) -> 224.2095 | L66: =AVERAGE(G17:G66) -> 202.9204 | M66: =MAX(G2:G66) -> 238.75 | N66: =(G66-M66)/M66*100 -> 0 | O66: =TEXT(C66,"yyyy-mm") -> 2024-03
A67: AAPL | B67: Technology | C67: 2024-04-01 | D67: 238.75 | E67: 246.79 | F67: 237.79 | G67: 245.74 | H67: 245.74 | I67: 5085947 | J67: =IFERROR((G67-G66)/G66*100,"") -> 2.9277487 | K67: =AVERAGE(G48:G67) -> 226.137 | L67: =AVERAGE(G18:G67) -> 204.086 | M67: =MAX(G2:G67) -> 245.74 | N67: =(G67-M67)/M67*100 -> 0 | O67: =TEXT(C67,"yyyy-mm") -> 2024-04
A68: AAPL | B68: Technology | C68: 2024-04-02 | D68: 245.74 | E68: 250.95 | F68: 245.05 | G68: 250.16 | H68: 250.16 | I68: 7978839 | J68: =IFERROR((G68-G67)/G67*100,"") -> 1.798649 | K68: =AVERAGE(G49:G68) -> 228.3525 | L68: =AVERAGE(G19:G68) -> 205.287 | M68: =MAX(G2:G68) -> 250.16 | N68: =(G68-M68)/M68*100 -> 0 | O68: =TEXT(C68,"yyyy-mm") -> 2024-04
A69: AAPL | B69: Technology | C69: 2024-04-03 | D69: 250.16 | E69: 251.93 | F69: 241.66 | G69: 242.46 | H69: 242.46 | I69: 7228673 | J69: =IFERROR((G69-G68)/G68*100,"") -> -3.0780301 | K69: =AVERAGE(G50:G69) -> 230.092 | L69: =AVERAGE(G20:G69) -> 206.3778 | M69: =MAX(G2:G69) -> 250.16 | N69: =(G69-M69)/M69*100 -> -3.0780301 | O69: =TEXT(C69,"yyyy-mm") -> 2024-04
A70: AAPL | B70: Technology | C70: 2024-04-04 | D70: 242.46 | E70: 244.66 | F70: 242.04 | G70: 244.11 | H70: 244.11 | I70: 8489174 | J70: =IFERROR((G70-G69)/G69*100,"") -> 0.68052462 | K70: =AVERAGE(G51:G70) -> 231.574 | L70: =AVERAGE(G21:G70) -> 207.4848 | M70: =MAX(G2:G70) -> 250.16 | N70: =(G70-M70)/M70*100 -> -2.4184522 | O70: =TEXT(C70,"yyyy-mm") -> 2024-04
A71: AAPL | B71: Technology | C71: 2024-04-05 | D71: 244.11 | E71: 247.16 | F71: 242.7 | G71: 246.3 | H71: 246.3 | I71: 4622086 | J71: =IFERROR((G71-G70)/G70*100,"") -> 0.89713654 | K71: =AVERAGE(G52:G71) -> 232.9905 | L71: =AVERAGE(G22:G71) -> 208.6732 | M71: =MAX(G2:G71) -> 250.16 | N71: =(G71-M71)/M71*100 -> -1.5430125 | O71: =TEXT(C71,"yyyy-mm") -> 2024-04
A72: AAPL | B72: Technology | C72: 2024-04-08 | D72: 246.3 | E72: 246.51 | F72: 241.81 | G72: 243.8 | H72: 243.8 | I72: 11768077 | J72: =IFERROR((G72-G71)/G71*100,"") -> -1.0150223 | K72: =AVERAGE(G53:G72) -> 234.193 | L72: =AVERAGE(G23:G72) -> 209.9582 | M72: =MAX(G2:G72) -> 250.16 | N72: =(G72-M72)/M72*100 -> -2.5423729 | O72: =TEXT(C72,"yyyy-mm") -> 2024-04
A73: AAPL | B73: Technology | C73: 2024-04-09 | D73: 243.8 | E73: 243.8 | F73: 242.52 | G73: 242.84 | H73: 242.84 | I73: 6014645 | J73: =IFERROR((G73-G72)/G72*100,"") -> -0.39376538 | K73: =AVERAGE(G54:G73) -> 235.2885 | L73: =AVERAGE(G24:G73) -> 211.2306 | M73: =MAX(G2:G73) -> 250.16 | N73: =(G73-M73)/M73*100 -> -2.9261273 | O73: =TEXT(C73,"yyyy-mm") -> 2024-04
A74: AAPL | B74: Technology | C74: 2024-04-10 | D74: 242.84 | E74: 246.38 | F74: 241.43 | G74: 244.88 | H74: 244.88 | I74: 5974071 | J74: =IFERROR((G74-G73)/G73*100,"") -> 0.8400593 | K74: =AVERAGE(G55:G74) -> 236.1275 | L74: =AVERAGE(G25:G74) -> 212.5426 | M74: =MAX(G2:G74) -> 250.16 | N74: =(G74-M74)/M74*100 -> -2.1106492 | O74: =TEXT(C74,"yyyy-mm") -> 2024-04
A75: AAPL | B75: Technology | C75: 2024-04-11 | D75: 244.88 | E75: 245.32 | F75: 243.54 | G75: 243.76 | H75: 243.76 | I75: 8030221 | J75: =IFERROR((G75-G74)/G74*100,"") -> -0.45736687 | K75: =AVERAGE(G56:G75) -> 236.9445 | L75: =AVERAGE(G26:G75) -> 213.8404 | M75: =MAX(G2:G75) -> 250.16 | N75: =(G75-M75)/M75*100 -> -2.5583626 | O75: =TEXT(C75,"yyyy-mm") -> 2024-04
A76: AAPL | B76: Technology | C76: 2024-04-12 | D76: 243.76 | E76: 245.02 | F76: 241.54 | G76: 244.26 | H76: 244.26 | I76: 8974944 | J76: =IFERROR((G76-G75)/G75*100,"") -> 0.20511979 | K76: =AVERAGE(G57:G76) -> 237.8225 | L76: =AVERAGE(G27:G76) -> 215.1048 | M76: =MAX(G2:G76) -> 250.16 | N76: =(G76-M76)/M76*100 -> -2.3584906 | O76: =TEXT(C76,"yyyy-mm") -> 2024-04
A77: AAPL | B77: Technology | C77: 2024-04-15 | D77: 244.26 | E77: 246.08 | F77: 241.98 | G77: 242.83 | H77: 242.83 | I77: 8440020 | J77: =IFERROR((G77-G76)/G76*100,"") -> -0.58544174 | K77: =AVERAGE(G58:G77) -> 238.644 | L77: =AVERAGE(G28:G77) -> 216.2622 | M77: =MAX(G2:G77) -> 250.16 | N77: =(G77-M77)/M77*100 -> -2.9301247 | O77: =TEXT(C77,"yyyy-mm") -> 2024-04
A78: AAPL | B78: Technology | C78: 2024-04-16 | D78: 242.83 | E78: 251.76 | F78: 242.68 | G78: 250.95 | H78: 250.95 | I78: 4747860 | J78: =IFERROR((G78-G77)/G77*100,"") -> 3.3439031 | K78: =AVERAGE(G59:G78) -> 240.0315 | L78: =AVERAGE(G29:G78) -> 217.6072 | M78: =MAX(G2:G78) -> 250.95 | N78: =(G78-M78)/M78*100 -> 0 | O78: =TEXT(C78,"yyyy-mm") -> 2024-04
A79: AAPL | B79: Technology | C79: 2024-04-17 | D79: 250.95 | E79: 256.83 | F79: 250.61 | G79: 254.99 | H79: 254.99 | I79: 12502810 | J79: =IFERROR((G79-G78)/G78*100,"") -> 1.6098824 | K79: =AVERAGE(G60:G79) -> 241.506 | L79: =AVERAGE(G30:G79) -> 219.1162 | M79: =MAX(G2:G79) -> 254.99 | N79: =(G79-M79)/M79*100 -> 0 | O79: =TEXT(C79,"yyyy-mm") -> 2024-04
A80: AAPL | B80: Technology | C80: 2024-04-18 | D80: 254.99 | E80: 259.37 | F80: 254.23 | G80: 258.78 | H80: 258.78 | I80: 11543980 | J80: =IFERROR((G80-G79)/G79*100,"") -> 1.4863328 | K80: =AVERAGE(G61:G80) -> 242.8025 | L80: =AVERAGE(G31:G80) -> 220.6656 | M80: =MAX(G2:G80) -> 258.78 | N80: =(G80-M80)/M80*100 -> 0 | O80: =TEXT(C80,"yyyy-mm") -> 2024-04
A81: AAPL | B81: Technology | C81: 2024-04-19 | D81: 258.78 | E81: 261.79 | F81: 257.56 | G81: 261.65 | H81: 261.65 | I81: 6873978 | J81: =IFERROR((G81-G80)/G80*100,"") -> 1.1090502 | K81: =AVERAGE(G62:G81) -> 244.3205 | L81: =AVERAGE(G32:G81) -> 222.2258 | M81: =MAX(G2:G81) -> 261.65 | N81: =(G81-M81)/M81*100 -> 0 | O81: =TEXT(C81,"yyyy-mm") -> 2024-04
A82: AAPL | B82: Technology | C82: 2024-04-22 | D82: 261.65 | E82: 263.07 | F82: 254.8 | G82: 255.08 | H82: 255.08 | I82: 8668935 | J82: =IFERROR((G82-G81)/G81*100,"") -> -2.510988 | K82: =AVERAGE(G63:G82) -> 245.441 | L82: =AVERAGE(G33:G82) -> 223.6704 | M82: =MAX(G2:G82) -> 261.65 | N82: =(G82-M82)/M82*100 -> -2.510988 | O82: =TEXT(C82,"yyyy-mm") -> 2024-04
A83: AAPL | B83: Technology | C83: 2024-04-23 | D83: 255.08 | E83: 256 | F83: 245.85 | G83: 245.85 | H83: 245.85 | I83: 8112753 | J83: =IFERROR((G83-G82)/G82*100,"") -> -3.6184726 | K83: =AVERAGE(G64:G83) -> 246.203 | L83: =AVERAGE(G34:G83) -> 224.996 | M83: =MAX(G2:G83) -> 261.65 | N83: =(G83-M83)/M83*100 -> -6.0386012 | O83: =TEXT(C83,"yyyy-mm") -> 2024-04
A84: AAPL | B84: Technology | C84: 2024-04-24 | D84: 245.85 | E84: 246.47 | F84: 243 | G84: 244.34 | H84: 244.34 | I84: 9285180 | J84: =IFERROR((G84-G83)/G83*100,"") -> -0.61419565 | K84: =AVERAGE(G65:G84) -> 246.886 | L84: =AVERAGE(G35:G84) -> 225.9624 | M84: =MAX(G2:G84) -> 261.65 | N84: =(G84-M84)/M84*100 -> -6.615708 | O84: =TEXT(C84,"yyyy-mm") -> 2024-04
A85: AAPL | B85: Technology | C85: 2024-04-25 | D85: 244.34 | E85: 249.91 | F85: 244.02 | G85: 248.37 | H85: 248.37 | I85: 6203632 | J85: =IFERROR((G85-G84)/G84*100,"") -> 1.6493411 | K85: =AVERAGE(G66:G85) -> 247.495 | L85: =AVERAGE(G36:G85) -> 227.0074 | M85: =MAX(G2:G85) -> 261.65 | N85: =(G85-M85)/M85*100 -> -5.0754825 | O85: =TEXT(C85,"yyyy-mm") -> 2024-04
A86: AAPL | B86: Technology | C86: 2024-04-26 | D86: 248.37 | E86: 254.42 | F86: 248.21 | G86: 254.3 | H86: 254.3 | I86: 10767788 | J86: =IFERROR((G86-G85)/G85*100,"") -> 2.3875669 | K86: =AVERAGE(G67:G86) -> 248.2725 | L86: =AVERAGE(G37:G86) -> 228.2252 | M86: =MAX(G2:G86) -> 261.65 | N86: =(G86-M86)/M86*100 -> -2.8090961 | O86: =TEXT(C86,"yyyy-mm") -> 2024-04
A87: AAPL | B87: Technology | C87: 2024-04-29 | D87: 254.3 | E87: 258.54 | F87: 253.65 | G87: 258.37 | H87: 258.37 | I87: 11284715 | J87: =IFERROR((G87-G86)/G86*100,"") -> 1.6004719 | K87: =AVERAGE(G68:G87) -> 248.904 | L87: =AVERAGE(G38:G87) -> 229.4906 | M87: =MAX(G2:G87) -> 261.65 | N87: =(G87-M87)/M87*100 -> -1.253583 | O87: =TEXT(C87,"yyyy-mm") -> 2024-04
A88: AAPL | B88: Technology | C88: 2024-04-30 | D88: 258.37 | E88: 259.08 | F88: 253.02 | G88: 254.79 | H88: 254.79 | I88: 11466413 | J88: =IFERROR((G88-G87)/G87*100,"") -> -1.3856098 | K88: =AVERAGE(G69:G88) -> 249.1355 | L88: =AVERAGE(G39:G88) -> 230.7954 | M88: =MAX(G2:G88) -> 261.65 | N88: =(G88-M88)/M88*100 -> -2.621823 | O88: =TEXT(C88,"yyyy-mm") -> 2024-04
A89: AAPL | B89: Technology | C89: 2024-05-01 | D89: 254.79 | E89: 258.47 | F89: 253.26 | G89: 258.33 | H89: 258.33 | I89: 8177827 | J89: =IFERROR((G89-G88)/G88*100,"") -> 1.3893795 | K89: =AVERAGE(G70:G89) -> 249.929 | L89: =AVERAGE(G40:G89) -> 232.169 | M89: =MAX(G2:G89) -> 261.65 | N89: =(G89-M89)/M89*100 -> -1.2688706 | O89: =TEXT(C89,"yyyy-mm") -> 2024-05
A90: AAPL | B90: Technology | C90: 2024-05-02 | D90: 258.33 | E90: 266.25 | F90: 258.31 | G90: 264.79 | H90: 264.79 | I90: 9911373 | J90: =IFERROR((G90-G89)/G89*100,"") -> 2.5006774 | K90: =AVERAGE(G71:G90) -> 250.963 | L90: =AVERAGE(G41:G90) -> 233.635 | M90: =MAX(G2:G90) -> 264.79 | N90: =(G90-M90)/M90*100 -> 0 | O90: =TEXT(C90,"yyyy-mm") -> 2024-05
A91: AAPL | B91: Technology | C91: 2024-05-03 | D91: 264.79 | E91: 266.55 | F91: 261.65 | G91: 263.83 | H91: 263.83 | I91: 7786111 | J91: =IFERROR((G91-G90)/G90*100,"") -> -0.36255146 | K91: =AVERAGE(G72:G91) -> 251.8395 | L91: =AVERAGE(G42:G91) -> 234.9578 | M91: =MAX(G2:G91) -> 264.79 | N91: =(G91-M91)/M91*100 -> -0.36255146 | O91: =TEXT(C91,"yyyy-mm") -> 2024-05
A92: AAPL | B92: Technology | C92: 2024-05-06 | D92: 263.83 | E92: 264.54 | F92: 257.69 | G92: 258.83 | H92: 258.83 | I92: 9170415 | J92: =IFERROR((G92-G91)/G91*100,"") -> -1.8951598 | K92: =AVERAGE(G73:G92) -> 252.591 | L92: =AVERAGE(G43:G92) -> 236.2144 | M92: =MAX(G2:G92) -> 264.79 | N92: =(G92-M92)/M92*100 -> -2.2508403 | O92: =TEXT(C92,"yyyy-mm") -> 2024-05
A93: AAPL | B93: Technology | C93: 2024-05-07 | D93: 258.83 | E93: 262.19 | F93: 257.81 | G93: 261.89 | H93: 261.89 | I93: 9209711 | J93: =IFERROR((G93-G92)/G92*100,"") -> 1.1822432 | K93: =AVERAGE(G74:G93) -> 253.5435 | L93: =AVERAGE(G44:G93) -> 237.5974 | M93: =MAX(G2:G93) -> 264.79 | N93: =(G93-M93)/M93*100 -> -1.0952075 | O93: =TEXT(C93,"yyyy-mm") -> 2024-05
A94: AAPL | B94: Technology | C94: 2024-05-08 | D94: 261.89 | E94: 262.72 | F94: 258.47 | G94: 259.96 | H94: 259.96 | I94: 7540321 | J94: =IFERROR((G94-G93)/G93*100,"") -> -0.73695063 | K94: =AVERAGE(G75:G94) -> 254.2975 | L94: =AVERAGE(G45:G94) -> 238.9134 | M94: =MAX(G2:G94) -> 264.79 | N94: =(G94-M94)/M94*100 -> -1.824087 | O94: =TEXT(C94,"yyyy-mm") -> 2024-05
A95: AAPL | B95: Technology | C95: 2024-05-09 | D95: 259.96 | E95: 262.72 | F95: 259.23 | G95: 260.34 | H95: 260.34 | I95: 8513551 | J95: =IFERROR((G95-G94)/G94*100,"") -> 0.14617633 | K95: =AVERAGE(G76:G95) -> 255.1265 | L95: =AVERAGE(G46:G95) -> 239.9592 | M95: =MAX(G2:G95) -> 264.79 | N95: =(G95-M95)/M95*100 -> -1.6805771 | O95: =TEXT(C95,"yyyy-mm") -> 2024-05
A96: AAPL | B96: Technology | C96: 2024-05-10 | D96: 260.34 | E96: 260.57 | F96: 259.29 | G96: 260.06 | H96: 260.06 | I96: 9390810 | J96: =IFERROR((G96-G95)/G95*100,"") -> -0.10755166 | K96: =AVERAGE(G77:G96) -> 255.9165 | L96: =AVERAGE(G47:G96) -> 241.0166 | M96: =MAX(G2:G96) -> 264.79 | N96: =(G96-M96)/M96*100 -> -1.7863212 | O96: =TEXT(C96,"yyyy-mm") -> 2024-05
A97: AAPL | B97: Technology | C97: 2024-05-13 | D97: 260.06 | E97: 261.33 | F97: 256.51 | G97: 258.08 | H97: 258.08 | I97: 11280498 | J97: =IFERROR((G97-G96)/G96*100,"") -> -0.76136276 | K97: =AVERAGE(G78:G97) -> 256.679 | L97: =AVERAGE(G48:G97) -> 242.0344 | M97: =MAX(G2:G97) -> 264.79 | N97: =(G97-M97)/M97*100 -> -2.5340836 | O97: =TEXT(C97,"yyyy-mm") -> 2024-05
A98: AAPL | B98: Technology | C98: 2024-05-14 | D98: 258.08 | E98: 264.86 | F98: 257.2 | G98: 264.6 | H98: 264.6 | I98: 5628953 | J98: =IFERROR((G98-G97)/G97*100,"") -> 2.5263484 | K98: =AVERAGE(G79:G98) -> 257.3615 | L98: =AVERAGE(G49:G98) -> 243.2094 | M98: =MAX(G2:G98) -> 264.79 | N98: =(G98-M98)/M98*100 -> -0.071754976 | O98: =TEXT(C98,"yyyy-mm") -> 2024-05
A99: AAPL | B99: Technology | C99: 2024-05-15 | D99: 264.6 | E99: 265.9 | F99: 264.47 | G99: 264.87 | H99: 264.87 | I99: 5706702 | J99: =IFERROR((G99-G98)/G98*100,"") -> 0.10204082 | K99: =AVERAGE(G80:G99) -> 257.8555 | L99: =AVERAGE(G50:G99) -> 244.3534 | M99: =MAX(G2:G99) -> 264.87 | N99: =(G99-M99)/M99*100 -> 0 | O99: =TEXT(C99,"yyyy-mm") -> 2024-05
A100: AAPL | B100: Technology | C100: 2024-05-16 | D100: 264.87 | E100: 265.09 | F100: 258.46 | G100: 258.65 | H100: 258.65 | I100: 7885301 | J100: =IFERROR((G100-G99)/G99*100,"") -> -2.3483218 | K100: =AVERAGE(G81:G100) -> 257.849 | L100: =AVERAGE(G51:G100) -> 245.237 | M100: =MAX(G2:G100) -> 264.87 | N100: =(G100-M100)/M100*100 -> -2.3483218 | O100: =TEXT(C100,"yyyy-mm") -> 2024-05
...

Sheet Ticker_Summary
A1: Ticker | B1: Sector | C1: Avg_Daily_Return_% | D1: Volatility_%(StdevPop) | E1: Max_Drawdown_% | F1: Best_Day_% | G1: Worst_Day_% | H1: Total_Return_% | I1: Volatility_Rank
A2: AAPL | B2: Technology | C2: =AVERAGE(Raw_Data!J3:J263) -> 0.2351789 | D2: =STDEV(Raw_Data!J3:J263) -> 1.7240151 | E2: =MIN(Raw_Data!N2:N263) -> -14.771323 | F2: =MAX(Raw_Data!J3:J263) -> 9.160773 | G2: =MIN(Raw_Data!J3:J263) -> -3.9223031 | H2: =(Raw_Data!G263-Raw_Data!G2)/Raw_Data!G2*100 -> 77.703215 | I2: =RANK(D2,$D$2:$D$9,0) -> 5
A3: JNJ | B3: Healthcare | C3: =AVERAGE(Raw_Data!J265:J525) -> -0.12473222 | D3: =STDEV(Raw_Data!J265:J525) -> 1.4815939 | E3: =MIN(Raw_Data!N264:N525) -> -37.389749 | F3: =MAX(Raw_Data!J265:J525) -> 7.4794388 | G3: =MIN(Raw_Data!J265:J525) -> -8.94136 | H3: =(Raw_Data!G525-Raw_Data!G264)/Raw_Data!G264*100 -> -29.877327 | I3: =RANK(D3,$D$2:$D$9,0) -> 7
A4: JPM | B4: Financials | C4: =AVERAGE(Raw_Data!J527:J787) -> 0.066863162 | D4: =STDEV(Raw_Data!J527:J787) -> 1.8949963 | E4: =MIN(Raw_Data!N526:N787) -> -24.363284 | F4: =MAX(Raw_Data!J527:J787) -> 8.5032482 | G4: =MIN(Raw_Data!J527:J787) -> -9.0135233 | H4: =(Raw_Data!G787-Raw_Data!G526)/Raw_Data!G526*100 -> 13.644761 | I4: =RANK(D4,$D$2:$D$9,0) -> 4
A5: KO | B5: Consumer Staples | C5: =AVERAGE(Raw_Data!J789:J1049) -> -0.046518507 | D5: =STDEV(Raw_Data!J789:J1049) -> 1.2892033 | E5: =MIN(Raw_Data!N788:N1049) -> -20.335852 | F5: =MAX(Raw_Data!J789:J1049) -> 6.4490913 | G5: =MIN(Raw_Data!J789:J1049) -> -8.8568684 | H5: =(Raw_Data!G1049-Raw_Data!G788)/Raw_Data!G788*100 -> -13.361848 | I5: =RANK(D5,$D$2:$D$9,0) -> 8
A6: MSFT | B6: Technology | C6: =AVERAGE(Raw_Data!J1051:J1311) -> 0.1493793 | D6: =STDEV(Raw_Data!J1051:J1311) -> 1.6482589 | E6: =MIN(Raw_Data!N1050:N1311) -> -14.703435 | F6: =MAX(Raw_Data!J1051:J1311) -> 8.1148031 | G6: =MIN(Raw_Data!J1051:J1311) -> -4.3938091 | H6: =(Raw_Data!G1311-Raw_Data!G1050)/Raw_Data!G1050*100 -> 42.589555 | I6: =RANK(D6,$D$2:$D$9,0) -> 6
A7: NVDA | B7: Technology | C7: =AVERAGE(Raw_Data!J1313:J1573) -> 0.21879283 | D7: =STDEV(Raw_Data!J1313:J1573) -> 3.0273136 | E7: =MIN(Raw_Data!N1312:N1573) -> -34.848615 | F7: =MAX(Raw_Data!J1313:J1573) -> 8.0276558 | G7: =MIN(Raw_Data!J1313:J1573) -> -12.566267 | H7: =(Raw_Data!G1573-Raw_Data!G1312)/Raw_Data!G1312*100 -> 56.975744 | I7: =RANK(D7,$D$2:$D$9,0) -> 2
A8: TSLA | B8: Consumer Discretionary | C8: =AVERAGE(Raw_Data!J1575:J1835) -> -0.16418755 | D8: =STDEV(Raw_Data!J1575:J1835) -> 3.5427906 | E8: =MIN(Raw_Data!N1574:N1835) -> -59.185294 | F8: =MAX(Raw_Data!J1575:J1835) -> 8.7297886 | G8: =MIN(Raw_Data!J1575:J1835) -> -10.304968 | H8: =(Raw_Data!G1835-Raw_Data!G1574)/Raw_Data!G1574*100 -> -44.758545 | I8: =RANK(D8,$D$2:$D$9,0) -> 1
A9: XOM | B9: Energy | C9: =AVERAGE(Raw_Data!J1837:J2097) -> 0.01021538 | D9: =STDEV(Raw_Data!J1837:J2097) -> 1.9778023 | E9: =MIN(Raw_Data!N1836:N2097) -> -27.029673 | F9: =MAX(Raw_Data!J1837:J2097) -> 9.049568 | G9: =MIN(Raw_Data!J1837:J2097) -> -9.670131 | H9: =(Raw_Data!G2097-Raw_Data!G1836)/Raw_Data!G1836*100 -> -2.4092802 | I9: =RANK(D9,$D$2:$D$9,0) -> 3

Sheet Quarterly_Return
A1: Ticker | B1: Sector | C1: Quarter | D1: Start_Close | E1: End_Close | F1: Return_% | G1: Rank_in_Quarter
A2: AAPL | B2: Technology | C2: 2024-Q1 | D2: =Raw_Data!G2 -> 171.37 | E2: =Raw_Data!G66 -> 238.75 | F2: =(E2-D2)/D2*100 -> 39.318434 | G2: =RANK(F2,$F$2:$F$9,0) -> 1
A3: JNJ | B3: Healthcare | C3: 2024-Q1 | D3: =Raw_Data!G264 -> 160.59 | E3: =Raw_Data!G328 -> 129.6 | F3: =(E3-D3)/D3*100 -> -19.29759 | G3: =RANK(F3,$F$2:$F$9,0) -> 6
A4: JPM | B4: Financials | C4: 2024-Q1 | D4: =Raw_Data!G526 -> 151.56 | E4: =Raw_Data!G590 -> 151.04 | F4: =(E4-D4)/D4*100 -> -0.34309844 | G4: =RANK(F4,$F$2:$F$9,0) -> 3
A5: KO | B5: Consumer Staples | C5: 2024-Q1 | D5: =Raw_Data!G788 -> 58.45 | E5: =Raw_Data!G852 -> 50.96 | F5: =(E5-D5)/D5*100 -> -12.814371 | G5: =RANK(F5,$F$2:$F$9,0) -> 5
A6: MSFT | B6: Technology | C6: 2024-Q1 | D6: =Raw_Data!G1050 -> 335.27 | E6: =Raw_Data!G1114 -> 323.35 | F6: =(E6-D6)/D6*100 -> -3.5553435 | G6: =RANK(F6,$F$2:$F$9,0) -> 4
A7: NVDA | B7: Technology | C7: 2024-Q1 | D7: =Raw_Data!G1312 -> 465.04 | E7: =Raw_Data!G1376 -> 367.35 | F7: =(E7-D7)/D7*100 -> -21.006795 | G7: =RANK(F7,$F$2:$F$9,0) -> 8
A8: TSLA | B8: Consumer Discretionary | C8: 2024-Q1 | D8: =Raw_Data!G1574 -> 226.75 | E8: =Raw_Data!G1638 -> 182.35 | F8: =(E8-D8)/D8*100 -> -19.581036 | G8: =RANK(F8,$F$2:$F$9,0) -> 7
A9: XOM | B9: Energy | C9: 2024-Q1 | D9: =Raw_Data!G1836 -> 100.86 | E9: =Raw_Data!G1900 -> 104 | F9: =(E9-D9)/D9*100 -> 3.1132263 | G9: =RANK(F9,$F$2:$F$9,0) -> 2
A10: AAPL | B10: Technology | C10: 2024-Q2 | D10: =Raw_Data!G67 -> 245.74 | E10: =Raw_Data!G131 -> 259.87 | F10: =(E10-D10)/D10*100 -> 5.7499797 | G10: =RANK(F10,$F$10:$F$17,0) -> 5
A11: JNJ | B11: Healthcare | C11: 2024-Q2 | D11: =Raw_Data!G329 -> 127.62 | E11: =Raw_Data!G393 -> 112.94 | F11: =(E11-D11)/D11*100 -> -11.502899 | G11: =RANK(F11,$F$10:$F$17,0) -> 8
A12: JPM | B12: Financials | C12: 2024-Q2 | D12: =Raw_Data!G591 -> 150.3 | E12: =Raw_Data!G655 -> 149 | F12: =(E12-D12)/D12*100 -> -0.86493679 | G12: =RANK(F12,$F$10:$F$17,0) -> 7
A13: KO | B13: Consumer Staples | C13: 2024-Q2 | D13: =Raw_Data!G853 -> 51.17 | E13: =Raw_Data!G917 -> 56.19 | F13: =(E13-D13)/D13*100 -> 9.8104358 | G13: =RANK(F13,$F$10:$F$17,0) -> 4
A14: MSFT | B14: Technology | C14: 2024-Q2 | D14: =Raw_Data!G1115 -> 317.54 | E14: =Raw_Data!G1179 -> 432.74 | F14: =(E14-D14)/D14*100 -> 36.278894 | G14: =RANK(F14,$F$10:$F$17,0) -> 1
A15: NVDA | B15: Technology | C15: 2024-Q2 | D15: =Raw_Data!G1377 -> 359.65 | E15: =Raw_Data!G1441 -> 413.35 | F15: =(E15-D15)/D15*100 -> 14.931183 | G15: =RANK(F15,$F$10:$F$17,0) -> 2
A16: TSLA | B16: Consumer Discretionary | C16: 2024-Q2 | D16: =Raw_Data!G1639 -> 184.87 | E16: =Raw_Data!G1703 -> 188.44 | F16: =(E16-D16)/D16*100 -> 1.9310867 | G16: =RANK(F16,$F$10:$F$17,0) -> 6
A17: XOM | B17: Energy | C17: 2024-Q2 | D17: =Raw_Data!G1901 -> 102.62 | E17: =Raw_Data!G1965 -> 114.62 | F17: =(E17-D17)/D17*100 -> 11.693627 | G17: =RANK(F17,$F$10:$F$17,0) -> 3
A18: AAPL | B18: Technology | C18: 2024-Q3 | D18: =Raw_Data!G132 -> 256.08 | E18: =Raw_Data!G197 -> 262.16 | F18: =(E18-D18)/D18*100 -> 2.374258 | G18: =RANK(F18,$F$18:$F$25,0) -> 3
A19: JNJ | B19: Healthcare | C19: 2024-Q3 | D19: =Raw_Data!G394 -> 111.46 | E19: =Raw_Data!G459 -> 113.11 | F19: =(E19-D19)/D19*100 -> 1.4803517 | G19: =RANK(F19,$F$18:$F$25,0) -> 4
A20: JPM | B20: Financials | C20: 2024-Q3 | D20: =Raw_Data!G656 -> 148.11 | E20: =Raw_Data!G721 -> 148 | F20: =(E20-D20)/D20*100 -> -0.074269124 | G20: =RANK(F20,$F$18:$F$25,0) -> 5
A21: KO | B21: Consumer Staples | C21: 2024-Q3 | D21: =Raw_Data!G918 -> 57.05 | E21: =Raw_Data!G983 -> 53.08 | F21: =(E21-D21)/D21*100 -> -6.9588081 | G21: =RANK(F21,$F$18:$F$25,0) -> 7
A22: MSFT | B22: Technology | C22: 2024-Q3 | D22: =Raw_Data!G1180 -> 427.96 | E22: =Raw_Data!G1245 -> 416.15 | F22: =(E22-D22)/D22*100 -> -2.7596037 | G22: =RANK(F22,$F$18:$F$25,0) -> 6
A23: NVDA | B23: Technology | C23: 2024-Q3 | D23: =Raw_Data!G1442 -> 408.49 | E23: =Raw_Data!G1507 -> 434.06 | F23: =(E23-D23)/D23*100 -> 6.2596392 | G23: =RANK(F23,$F$18:$F$25,0) -> 1
A24: TSLA | B24: Consumer Discretionary | C24: 2024-Q3 | D24: =Raw_Data!G1704 -> 178.82 | E24: =Raw_Data!G1769 -> 124.09 | F24: =(E24-D24)/D24*100 -> -30.606196 | G24: =RANK(F24,$F$18:$F$25,0) -> 8
A25: XOM | B25: Energy | C25: 2024-Q3 | D25: =Raw_Data!G1966 -> 117.11 | E25: =Raw_Data!G2031 -> 122.79 | F25: =(E25-D25)/D25*100 -> 4.8501409 | G25: =RANK(F25,$F$18:$F$25,0) -> 2
A26: AAPL | B26: Technology | C26: 2024-Q4 | D26: =Raw_Data!G198 -> 263.09 | E26: =Raw_Data!G263 -> 304.53 | F26: =(E26-D26)/D26*100 -> 15.751264 | G26: =RANK(F26,$F$26:$F$33,0) -> 3
A27: JNJ | B27: Healthcare | C27: 2024-Q4 | D27: =Raw_Data!G460 -> 111.39 | E27: =Raw_Data!G525 -> 112.61 | F27: =(E27-D27)/D27*100 -> 1.0952509 | G27: =RANK(F27,$F$26:$F$33,0) -> 6
A28: JPM | B28: Financials | C28: 2024-Q4 | D28: =Raw_Data!G722 -> 153.21 | E28: =Raw_Data!G787 -> 172.24 | F28: =(E28-D28)/D28*100 -> 12.42086 | G28: =RANK(F28,$F$26:$F$33,0) -> 4
A29: KO | B29: Consumer Staples | C29: 2024-Q4 | D29: =Raw_Data!G984 -> 53.56 | E29: =Raw_Data!G1049 -> 50.64 | F29: =(E29-D29)/D29*100 -> -5.4518297 | G29: =RANK(F29,$F$26:$F$33,0) -> 7
A30: MSFT | B30: Technology | C30: 2024-Q4 | D30: =Raw_Data!G1246 -> 412.65 | E30: =Raw_Data!G1311 -> 478.06 | F30: =(E30-D30)/D30*100 -> 15.851206 | G30: =RANK(F30,$F$26:$F$33,0) -> 2
A31: NVDA | B31: Technology | C31: 2024-Q4 | D31: =Raw_Data!G1508 -> 446.68 | E31: =Raw_Data!G1573 -> 730 | F31: =(E31-D31)/D31*100 -> 63.427957 | G31: =RANK(F31,$F$26:$F$33,0) -> 1
A32: TSLA | B32: Consumer Discretionary | C32: 2024-Q4 | D32: =Raw_Data!G1770 -> 121.95 | E32: =Raw_Data!G1835 -> 125.26 | F32: =(E32-D32)/D32*100 -> 2.7142271 | G32: =RANK(F32,$F$26:$F$33,0) -> 5
A33: XOM | B33: Energy | C33: 2024-Q4 | D33: =Raw_Data!G2032 -> 122.92 | E33: =Raw_Data!G2097 -> 98.43 | F33: =(E33-D33)/D33*100 -> -19.923527 | G33: =RANK(F33,$F$26:$F$33,0) -> 8
A37: Quarter | B37: AAPL | C37: JNJ | D37: JPM | E37: KO | F37: MSFT | G37: NVDA | H37: TSLA | I37: XOM
A38: 2024-Q1 | B38: =INDEX($F$2:$F$9,MATCH(B$37,$A$2:$A$9,0)) -> 39.318434 | C38: =INDEX($F$2:$F$9,MATCH(C$37,$A$2:$A$9,0)) -> -19.29759 | D38: =INDEX($F$2:$F$9,MATCH(D$37,$A$2:$A$9,0)) -> -0.34309844 | E38: =INDEX($F$2:$F$9,MATCH(E$37,$A$2:$A$9,0)) -> -12.814371 | F38: =INDEX($F$2:$F$9,MATCH(F$37,$A$2:$A$9,0)) -> -3.5553435 | G38: =INDEX($F$2:$F$9,MATCH(G$37,$A$2:$A$9,0)) -> -21.006795 | H38: =INDEX($F$2:$F$9,MATCH(H$37,$A$2:$A$9,0)) -> -19.581036 | I38: =INDEX($F$2:$F$9,MATCH(I$37,$A$2:$A$9,0)) -> 3.1132263
A39: 2024-Q2 | B39: =INDEX($F$10:$F$17,MATCH(B$37,$A$10:$A$17,0)) -> 5.7499797 | C39: =INDEX($F$10:$F$17,MATCH(C$37,$A$10:$A$17,0)) -> -11.502899 | D39: =INDEX($F$10:$F$17,MATCH(D$37,$A$10:$A$17,0)) -> -0.86493679 | E39: =INDEX($F$10:$F$17,MATCH(E$37,$A$10:$A$17,0)) -> 9.8104358 | F39: =INDEX($F$10:$F$17,MATCH(F$37,$A$10:$A$17,0)) -> 36.278894 | G39: =INDEX($F$10:$F$17,MATCH(G$37,$A$10:$A$17,0)) -> 14.931183 | H39: =INDEX($F$10:$F$17,MATCH(H$37,$A$10:$A$17,0)) -> 1.9310867 | I39: =INDEX($F$10:$F$17,MATCH(I$37,$A$10:$A$17,0)) -> 11.693627
A40: 2024-Q3 | B40: =INDEX($F$18:$F$25,MATCH(B$37,$A$18:$A$25,0)) -> 2.374258 | C40: =INDEX($F$18:$F$25,MATCH(C$37,$A$18:$A$25,0)) -> 1.4803517 | D40: =INDEX($F$18:$F$25,MATCH(D$37,$A$18:$A$25,0)) -> -0.074269124 | E40: =INDEX($F$18:$F$25,MATCH(E$37,$A$18:$A$25,0)) -> -6.9588081 | F40: =INDEX($F$18:$F$25,MATCH(F$37,$A$18:$A$25,0)) -> -2.7596037 | G40: =INDEX($F$18:$F$25,MATCH(G$37,$A$18:$A$25,0)) -> 6.2596392 | H40: =INDEX($F$18:$F$25,MATCH(H$37,$A$18:$A$25,0)) -> -30.606196 | I40: =INDEX($F$18:$F$25,MATCH(I$37,$A$18:$A$25,0)) -> 4.8501409
A41: 2024-Q4 | B41: =INDEX($F$26:$F$33,MATCH(B$37,$A$26:$A$33,0)) -> 15.751264 | C41: =INDEX($F$26:$F$33,MATCH(C$37,$A$26:$A$33,0)) -> 1.0952509 | D41: =INDEX($F$26:$F$33,MATCH(D$37,$A$26:$A$33,0)) -> 12.42086 | E41: =INDEX($F$26:$F$33,MATCH(E$37,$A$26:$A$33,0)) -> -5.4518297 | F41: =INDEX($F$26:$F$33,MATCH(F$37,$A$26:$A$33,0)) -> 15.851206 | G41: =INDEX($F$26:$F$33,MATCH(G$37,$A$26:$A$33,0)) -> 63.427957 | H41: =INDEX($F$26:$F$33,MATCH(H$37,$A$26:$A$33,0)) -> 2.7142271 | I41: =INDEX($F$26:$F$33,MATCH(I$37,$A$26:$A$33,0)) -> -19.923527

Sheet Sector_Trend
A1: Sector | B1: 2024-01 | C1: 2024-02 | D1: 2024-03 | E1: 2024-04 | F1: 2024-05 | G1: 2024-06 | H1: 2024-07 | I1: 2024-08 | J1: 2024-09 | K1: 2024-10 | L1: 2024-11 | M1: 2024-12
A2: Consumer Discretionary | B2: =AVERAGEIFS(Raw_Data!$J$2:$J$2097,Raw_Data!$B$2:$B$2097,$A2,Raw_Data!$O$2:$O$2097,B$1) -> 0.19583892 | C2: =AVERAGEIFS(Raw_Data!$J$2:$J$2097,Raw_Data!$B$2:$B$2097,$A2,Raw_Data!$O$2:$O$2097,C$1) -> -0.81038084 | D2: =AVERAGEIFS(Raw_Data!$J$2:$J$2097,Raw_Data!$B$2:$B$2097,$A2,Raw_Data!$O$2:$O$2097,D$1) -> -0.21768457 | E2: =AVERAGEIFS(Raw_Data!$J$2:$J$2097,Raw_Data!$B$2:$B$2097,$A2,Raw_Data!$O$2:$O$2097,E$1) -> -0.8772816 | F2: =AVERAGEIFS(Raw_Data!$J$2:$J$2097,Raw_Data!$B$2:$B$2097,$A2,Raw_Data!$O$2:$O$2097,F$1) -> 1.3849477 | G2: =AVERAGEIFS(Raw_Data!$J$2:$J$2097,Raw_Data!$B$2:$B$2097,$A2,Raw_Data!$O$2:$O$2097,G$1) -> -0.2696109 | H2: =AVERAGEIFS(Raw_Data!$J$2:$J$2097,Raw_Data!$B$2:$B$2097,$A2,Raw_Data!$O$2:$O$2097,H$1) -> -0.72813805 | I2: =AVERAGEIFS(Raw_Data!$J$2:$J$2097,Raw_Data!$B$2:$B$2097,$A2,Raw_Data!$O$2:$O$2097,I$1) -> 0.096208671 | ... M2: =AVERAGEIFS(Raw_Data!$J$2:$J$2097,Raw_Data!$B$2:$B$2097,$A2,Raw_Data!$O$2:$O$2097,M$1) -> 0.18520334
A3: Consumer Staples | B3: =AVERAGEIFS(Raw_Data!$J$2:$J$2097,Raw_Data!$B$2:$B$2097,$A3,Raw_Data!$O$2:$O$2097,B$1) -> -0.021716418 | C3: =AVERAGEIFS(Raw_Data!$J$2:$J$2097,Raw_Data!$B$2:$B$2097,$A3,Raw_Data!$O$2:$O$2097,C$1) -> -0.50260401 | D3: =AVERAGEIFS(Raw_Data!$J$2:$J$2097,Raw_Data!$B$2:$B$2097,$A3,Raw_Data!$O$2:$O$2097,D$1) -> -0.097169793 | E3: =AVERAGEIFS(Raw_Data!$J$2:$J$2097,Raw_Data!$B$2:$B$2097,$A3,Raw_Data!$O$2:$O$2097,E$1) -> 0.32856942 | F3: =AVERAGEIFS(Raw_Data!$J$2:$J$2097,Raw_Data!$B$2:$B$2097,$A3,Raw_Data!$O$2:$O$2097,F$1) -> 0.10239274 | G3: =AVERAGEIFS(Raw_Data!$J$2:$J$2097,Raw_Data!$B$2:$B$2097,$A3,Raw_Data!$O$2:$O$2097,G$1) -> 0.037311272 | H3: =AVERAGEIFS(Raw_Data!$J$2:$J$2097,Raw_Data!$B$2:$B$2097,$A3,Raw_Data!$O$2:$O$2097,H$1) -> 0.10020624 | I3: =AVERAGEIFS(Raw_Data!$J$2:$J$2097,Raw_Data!$B$2:$B$2097,$A3,Raw_Data!$O$2:$O$2097,I$1) -> -0.30013007 | ... M3: =AVERAGEIFS(Raw_Data!$J$2:$J$2097,Raw_Data!$B$2:$B$2097,$A3,Raw_Data!$O$2:$O$2097,M$1) -> -0.0068961026
A4: Energy | B4: =AVERAGEIFS(Raw_Data!$J$2:$J$2097,Raw_Data!$B$2:$B$2097,$A4,Raw_Data!$O$2:$O$2097,B$1) -> 0.54330575 | C4: =AVERAGEIFS(Raw_Data!$J$2:$J$2097,Raw_Data!$B$2:$B$2097,$A4,Raw_Data!$O$2:$O$2097,C$1) -> -0.1451865 | D4: =AVERAGEIFS(Raw_Data!$J$2:$J$2097,Raw_Data!$B$2:$B$2097,$A4,Raw_Data!$O$2:$O$2097,D$1) -> -0.22815728 | E4: =AVERAGEIFS(Raw_Data!$J$2:$J$2097,Raw_Data!$B$2:$B$2097,$A4,Raw_Data!$O$2:$O$2097,E$1) -> 0.2193377 | F4: =AVERAGEIFS(Raw_Data!$J$2:$J$2097,Raw_Data!$B$2:$B$2097,$A4,Raw_Data!$O$2:$O$2097,F$1) -> 0.68397531 | G4: =AVERAGEIFS(Raw_Data!$J$2:$J$2097,Raw_Data!$B$2:$B$2097,$A4,Raw_Data!$O$2:$O$2097,G$1) -> -0.44733155 | H4: =AVERAGEIFS(Raw_Data!$J$2:$J$2097,Raw_Data!$B$2:$B$2097,$A4,Raw_Data!$O$2:$O$2097,H$1) -> 0.47894708 | I4: =AVERAGEIFS(Raw_Data!$J$2:$J$2097,Raw_Data!$B$2:$B$2097,$A4,Raw_Data!$O$2:$O$2097,I$1) -> -0.10079526 | ... M4: =AVERAGEIFS(Raw_Data!$J$2:$J$2097,Raw_Data!$B$2:$B$2097,$A4,Raw_Data!$O$2:$O$2097,M$1) -> -0.24395981
A5: Financials | B5: =AVERAGEIFS(Raw_Data!$J$2:$J$2097,Raw_Data!$B$2:$B$2097,$A5,Raw_Data!$O$2:$O$2097,B$1) -> 0.38133277 | C5: =AVERAGEIFS(Raw_Data!$J$2:$J$2097,Raw_Data!$B$2:$B$2097,$A5,Raw_Data!$O$2:$O$2097,C$1) -> -0.39325913 | D5: =AVERAGEIFS(Raw_Data!$J$2:$J$2097,Raw_Data!$B$2:$B$2097,$A5,Raw_Data!$O$2:$O$2097,D$1) -> 0.026166452 | E5: =AVERAGEIFS(Raw_Data!$J$2:$J$2097,Raw_Data!$B$2:$B$2097,$A5,Raw_Data!$O$2:$O$2097,E$1) -> 0.3130952 | F5: =AVERAGEIFS(Raw_Data!$J$2:$J$2097,Raw_Data!$B$2:$B$2097,$A5,Raw_Data!$O$2:$O$2097,F$1) -> 0.18620258 | G5: =AVERAGEIFS(Raw_Data!$J$2:$J$2097,Raw_Data!$B$2:$B$2097,$A5,Raw_Data!$O$2:$O$2097,G$1) -> -0.56076609 | H5: =AVERAGEIFS(Raw_Data!$J$2:$J$2097,Raw_Data!$B$2:$B$2097,$A5,Raw_Data!$O$2:$O$2097,H$1) -> -0.17003831 | I5: =AVERAGEIFS(Raw_Data!$J$2:$J$2097,Raw_Data!$B$2:$B$2097,$A5,Raw_Data!$O$2:$O$2097,I$1) -> -0.19188572 | ... M5: =AVERAGEIFS(Raw_Data!$J$2:$J$2097,Raw_Data!$B$2:$B$2097,$A5,Raw_Data!$O$2:$O$2097,M$1) -> 0.037125136
A6: Healthcare | B6: =AVERAGEIFS(Raw_Data!$J$2:$J$2097,Raw_Data!$B$2:$B$2097,$A6,Raw_Data!$O$2:$O$2097,B$1) -> -0.12903517 | C6: =AVERAGEIFS(Raw_Data!$J$2:$J$2097,Raw_Data!$B$2:$B$2097,$A6,Raw_Data!$O$2:$O$2097,C$1) -> -0.20533448 | D6: =AVERAGEIFS(Raw_Data!$J$2:$J$2097,Raw_Data!$B$2:$B$2097,$A6,Raw_Data!$O$2:$O$2097,D$1) -> -0.63374664 | E6: =AVERAGEIFS(Raw_Data!$J$2:$J$2097,Raw_Data!$B$2:$B$2097,$A6,Raw_Data!$O$2:$O$2097,E$1) -> -0.007655813 | F6: =AVERAGEIFS(Raw_Data!$J$2:$J$2097,Raw_Data!$B$2:$B$2097,$A6,Raw_Data!$O$2:$O$2097,F$1) -> -0.40101633 | G6: =AVERAGEIFS(Raw_Data!$J$2:$J$2097,Raw_Data!$B$2:$B$2097,$A6,Raw_Data!$O$2:$O$2097,G$1) -> -0.194419 | H6: =AVERAGEIFS(Raw_Data!$J$2:$J$2097,Raw_Data!$B$2:$B$2097,$A6,Raw_Data!$O$2:$O$2097,H$1) -> -0.3109369 | I6: =AVERAGEIFS(Raw_Data!$J$2:$J$2097,Raw_Data!$B$2:$B$2097,$A6,Raw_Data!$O$2:$O$2097,I$1) -> 0.2329888 | ... M6: =AVERAGEIFS(Raw_Data!$J$2:$J$2097,Raw_Data!$B$2:$B$2097,$A6,Raw_Data!$O$2:$O$2097,M$1) -> 0.029854572
A7: Technology | B7: =AVERAGEIFS(Raw_Data!$J$2:$J$2097,Raw_Data!$B$2:$B$2097,$A7,Raw_Data!$O$2:$O$2097,B$1) -> -0.089162214 | C7: =AVERAGEIFS(Raw_Data!$J$2:$J$2097,Raw_Data!$B$2:$B$2097,$A7,Raw_Data!$O$2:$O$2097,C$1) -> 0.071690653 | D7: =AVERAGEIFS(Raw_Data!$J$2:$J$2097,Raw_Data!$B$2:$B$2097,$A7,Raw_Data!$O$2:$O$2097,D$1) -> 0.19555516 | E7: =AVERAGEIFS(Raw_Data!$J$2:$J$2097,Raw_Data!$B$2:$B$2097,$A7,Raw_Data!$O$2:$O$2097,E$1) -> -0.007901009 | F7: =AVERAGEIFS(Raw_Data!$J$2:$J$2097,Raw_Data!$B$2:$B$2097,$A7,Raw_Data!$O$2:$O$2097,F$1) -> 0.23769288 | G7: =AVERAGEIFS(Raw_Data!$J$2:$J$2097,Raw_Data!$B$2:$B$2097,$A7,Raw_Data!$O$2:$O$2097,G$1) -> 0.63505612 | H7: =AVERAGEIFS(Raw_Data!$J$2:$J$2097,Raw_Data!$B$2:$B$2097,$A7,Raw_Data!$O$2:$O$2097,H$1) -> 0.34521305 | I7: =AVERAGEIFS(Raw_Data!$J$2:$J$2097,Raw_Data!$B$2:$B$2097,$A7,Raw_Data!$O$2:$O$2097,I$1) -> -0.3503644 | ... M7: =AVERAGEIFS(Raw_Data!$J$2:$J$2097,Raw_Data!$B$2:$B$2097,$A7,Raw_Data!$O$2:$O$2097,M$1) -> 0.49351779

Sheet Volume_Spike
A1: Ticker | B1: Date | C1: Volume | D1: Avg_Volume_30D | E1: Rasio_vs_Rata2
A2: NVDA | B2: 2024-11-12 | C2: 41304838 | D2: 7733846 | E2: 5.34
A3: JNJ | B3: 2024-05-22 | C3: 21169490 | D3: 4164438 | E3: 5.08
A4: JNJ | B4: 2024-03-13 | C4: 20955666 | D4: 4201782 | E4: 4.99
A5: MSFT | B5: 2024-07-25 | C5: 35810613 | D5: 8123003 | E5: 4.41
A6: AAPL | B6: 2024-02-29 | C6: 37250795 | D6: 8708258 | E6: 4.28
A7: NVDA | B7: 2024-03-28 | C7: 32701697 | D7: 7751418 | E7: 4.22
A8: NVDA | B8: 2024-04-05 | C8: 35073548 | D8: 8706319 | E8: 4.03
A9: TSLA | B9: 2024-12-05 | C9: 19064715 | D9: 4779121 | E9: 3.99
A10: NVDA | B10: 2024-08-08 | C10: 33996713 | D10: 8731405 | E10: 3.89
A11: TSLA | B11: 2024-11-21 | C11: 15225167 | D11: 3947507 | E11: 3.86
A12: KO | B12: 2024-04-02 | C12: 15750519 | D12: 4205411 | E12: 3.75
A13: TSLA | B13: 2024-02-12 | C13: 19719175 | D13: 5270422 | E13: 3.74
... A21: JNJ | B21: 2024-07-10 | C21: 13136427 | D21: 4079589 | E21: 3.22
